return_id,transaction_id,return_date,return_reason,refund_amount
RET00001,TX000029,2024-09-19 00:00:00,Defective,112.1
RET00002,TX000040,2025-10-15 00:00:00,Wrong Size,14.99
RET00003,TX000049,2025-10-26 00:00:00,Changed Mind,132.81
RET00004,TX000062,2025-02-16 00:00:00,Defective,143.4
RET00005,TX000068,2024-10-18 00:00:00,Not as Described,24.57
RET00006,TX000075,2024-11-12 00:00:00,Defective,63.16
RET00007,TX000076,2026-02-13 00:00:00,Late Delivery,472.4
RET00008,TX000078,2026-02-01 00:00:00,Changed Mind,484.22
RET00009,TX000080,2024-12-23 00:00:00,Wrong Size,218.22
RET00010,TX000087,2026-02-23 00:00:00,Changed Mind,62.18
RET00011,TX000088,2026-03-01 00:00:00,Wrong Size,72.32
RET00012,TX000095,2025-06-04 00:00:00,Defective,165.3
RET00013,TX000103,2026-04-25 00:00:00,Late Delivery,89.88
RET00014,TX000119,2026-05-22 00:00:00,Not as Described,185.72
RET00015,TX000121,2026-01-03 00:00:00,Late Delivery,192.33
RET00016,TX000122,2026-04-03 00:00:00,Wrong Size,287.6
RET00017,TX000133,2026-03-18 00:00:00,Defective,77.64
RET00018,TX000146,2025-10-04 00:00:00,Not as Described,210.73
RET00019,TX000161,2025-11-15 00:00:00,Defective,140.15
RET00020,TX000174,2026-06-13 00:00:00,Late Delivery,261.08
RET00021,TX000179,2026-01-17 00:00:00,Defective,191.38
RET00022,TX000184,2026-03-05 00:00:00,Changed Mind,120.61
RET00023,TX000208,2025-04-11 00:00:00,Wrong Size,69.29
RET00024,TX000219,2026-02-24 00:00:00,Late Delivery,99.68
RET00025,TX000232,2025-09-25 00:00:00,Wrong Size,128.4
RET00026,TX000244,2026-01-21 00:00:00,Wrong Size,65.76
RET00027,TX000251,2026-05-14 00:00:00,Not as Described,329.37
RET00028,TX000252,2025-11-04 00:00:00,Changed Mind,65.2
RET00029,TX000255,2026-01-28 00:00:00,Changed Mind,461.3
RET00030,TX000256,2026-04-13 00:00:00,Defective,193.65
RET00031,TX000260,2024-12-31 00:00:00,Wrong Size,155.02
RET00032,TX000268,2025-12-30 00:00:00,Defective,51.04
RET00033,TX000271,2025-07-06 00:00:00,Not as Described,93.39
RET00034,TX000283,2025-09-25 00:00:00,Changed Mind,149.56
RET00035,TX000295,2025-06-06 00:00:00,Defective,32.01
RET00036,TX000307,2026-02-19 00:00:00,Defective,74.07
RET00037,TX000313,2025-12-23 00:00:00,Late Delivery,178.85
RET00038,TX000329,2025-03-08 00:00:00,Wrong Size,155.31
RET00039,TX000339,2026-03-18 00:00:00,Wrong Size,218.02
RET00040,TX000345,2025-01-25 00:00:00,Not as Described,136.62
RET00041,TX000347,2026-03-06 00:00:00,Defective,83.55
RET00042,TX000353,2026-05-08 00:00:00,Defective,34.18
RET00043,TX000354,2026-06-06 00:00:00,Not as Described,91.04
RET00044,TX000355,2026-06-06 00:00:00,Changed Mind,86.4
RET00045,TX000359,2025-12-18 00:00:00,Wrong Size,146.16
RET00046,TX000360,2026-02-03 00:00:00,Not as Described,119.39
RET00047,TX000361,2026-02-28 00:00:00,Late Delivery,243.01
RET00048,TX000364,2026-06-23 00:00:00,Defective,228.68
RET00049,TX000368,2025-10-11 00:00:00,Changed Mind,108.24
RET00050,TX000383,2026-02-27 00:00:00,Defective,153.92
RET00051,TX000384,2026-02-26 00:00:00,Defective,211.04
RET00052,TX000387,2026-04-12 00:00:00,Changed Mind,77.1
RET00053,TX000403,2026-06-27 00:00:00,Defective,20.55
RET00054,TX000407,2024-10-10 00:00:00,Changed Mind,84.73
RET00055,TX000419,2026-01-07 00:00:00,Changed Mind,192.2
RET00056,TX000431,2025-10-01 00:00:00,Changed Mind,24.09
RET00057,TX000440,2025-09-29 00:00:00,Wrong Size,137.42
RET00058,TX000441,2025-10-19 00:00:00,Not as Described,65.94
RET00059,TX000454,2025-05-17 00:00:00,Late Delivery,165.9
RET00060,TX000455,2025-06-14 00:00:00,Late Delivery,110.2
RET00061,TX000456,2025-06-29 00:00:00,Not as Described,309.48
RET00062,TX000464,2026-04-09 00:00:00,Wrong Size,68.67
RET00063,TX000467,2026-06-02 00:00:00,Defective,238.68
RET00064,TX000482,2025-08-25 00:00:00,Defective,150.04
RET00065,TX000484,2025-12-08 00:00:00,Late Delivery,110.56
RET00066,TX000501,2025-09-10 00:00:00,Wrong Size,141.87
RET00067,TX000503,2026-05-16 00:00:00,Defective,691.14
RET00068,TX000508,2025-07-06 00:00:00,Wrong Size,133.97
RET00069,TX000514,2026-06-23 00:00:00,Changed Mind,159.68
RET00070,TX000544,2025-01-28 00:00:00,Defective,45.11
RET00071,TX000556,2026-04-16 00:00:00,Late Delivery,118.85
RET00072,TX000557,2026-04-21 00:00:00,Defective,425.16
RET00073,TX000571,2026-05-31 00:00:00,Not as Described,58.87
RET00074,TX000575,2025-09-28 00:00:00,Late Delivery,101.62
RET00075,TX000584,2025-11-08 00:00:00,Wrong Size,78.54
RET00076,TX000591,2026-05-27 00:00:00,Changed Mind,95.01
RET00077,TX000615,2025-11-14 00:00:00,Not as Described,207.52
RET00078,TX000624,2024-10-21 00:00:00,Late Delivery,134.74
RET00079,TX000627,2026-06-29 00:00:00,Not as Described,127.99
RET00080,TX000628,2024-08-26 00:00:00,Changed Mind,51.25
RET00081,TX000649,2025-11-30 00:00:00,Defective,66.17
RET00082,TX000653,2026-05-16 00:00:00,Not as Described,252.34
RET00083,TX000666,2024-12-27 00:00:00,Wrong Size,175.49
RET00084,TX000667,2025-12-09 00:00:00,Not as Described,37.89
RET00085,TX000675,2026-01-30 00:00:00,Wrong Size,26.94
RET00086,TX000677,2025-09-02 00:00:00,Wrong Size,326.75
RET00087,TX000678,2025-09-18 00:00:00,Late Delivery,190.68
RET00088,TX000688,2024-06-09 00:00:00,Defective,29.48
RET00089,TX000693,2025-07-15 00:00:00,Not as Described,139.61
RET00090,TX000722,2026-02-21 00:00:00,Late Delivery,183.66
RET00091,TX000727,2026-02-04 00:00:00,Wrong Size,223.54
RET00092,TX000728,2026-03-16 00:00:00,Not as Described,29.81
RET00093,TX000735,2026-03-19 00:00:00,Wrong Size,89.06
RET00094,TX000736,2026-03-30 00:00:00,Not as Described,164.67
RET00095,TX000743,2026-06-01 00:00:00,Changed Mind,221.91
RET00096,TX000746,2026-04-08 00:00:00,Not as Described,117.06
RET00097,TX000747,2026-05-19 00:00:00,Late Delivery,266.5
RET00098,TX000756,2025-08-25 00:00:00,Not as Described,86.4
RET00099,TX000757,2025-10-24 00:00:00,Wrong Size,60.62
RET00100,TX000766,2025-06-14 00:00:00,Wrong Size,147.71
RET00101,TX000771,2025-08-13 00:00:00,Changed Mind,61.23
RET00102,TX000780,2024-11-12 00:00:00,Changed Mind,111.17
RET00103,TX000793,2026-05-11 00:00:00,Wrong Size,87.25
RET00104,TX000795,2026-03-17 00:00:00,Defective,77.5
RET00105,TX000811,2026-06-14 00:00:00,Defective,28.7
RET00106,TX000822,2026-01-25 00:00:00,Late Delivery,36.68
RET00107,TX000834,2026-03-03 00:00:00,Not as Described,48.06
RET00108,TX000835,2025-07-18 00:00:00,Not as Described,63.47
RET00109,TX000837,2025-07-17 00:00:00,Not as Described,368.83
RET00110,TX000839,2025-10-03 00:00:00,Wrong Size,10.57
RET00111,TX000847,2025-10-14 00:00:00,Wrong Size,137.85
RET00112,TX000855,2026-01-01 00:00:00,Late Delivery,93.36
RET00113,TX000870,2026-02-11 00:00:00,Not as Described,88.81
RET00114,TX000874,2026-04-07 00:00:00,Not as Described,105.3
RET00115,TX000891,2026-05-06 00:00:00,Changed Mind,122.19
RET00116,TX000895,2026-06-12 00:00:00,Defective,78.52
RET00117,TX000897,2026-06-10 00:00:00,Changed Mind,211.11
RET00118,TX000904,2025-11-11 00:00:00,Not as Described,141.97
RET00119,TX000905,2026-02-27 00:00:00,Not as Described,33.96
RET00120,TX000906,2026-02-28 00:00:00,Defective,89.64
RET00121,TX000911,2024-09-23 00:00:00,Changed Mind,145.89
RET00122,TX000924,2025-12-10 00:00:00,Changed Mind,118.38
RET00123,TX000927,2026-01-22 00:00:00,Changed Mind,54.78
RET00124,TX000928,2026-04-19 00:00:00,Not as Described,121.79
RET00125,TX000937,2025-05-31 00:00:00,Late Delivery,62.49
RET00126,TX000947,2026-05-30 00:00:00,Changed Mind,109.28
RET00127,TX000951,2025-12-21 00:00:00,Late Delivery,65.64
RET00128,TX000956,2026-02-06 00:00:00,Not as Described,139.16
RET00129,TX000961,2026-05-08 00:00:00,Not as Described,188.84
RET00130,TX000968,2026-01-04 00:00:00,Changed Mind,42.56
RET00131,TX000980,2025-08-29 00:00:00,Not as Described,373.82
RET00132,TX000981,2025-09-18 00:00:00,Late Delivery,88.37
RET00133,TX000991,2026-06-23 00:00:00,Not as Described,273.11
RET00134,TX000996,2025-12-02 00:00:00,Late Delivery,36.88
RET00135,TX001004,2026-02-20 00:00:00,Wrong Size,44.47
RET00136,TX001026,2024-08-30 00:00:00,Defective,58.73
RET00137,TX001028,2025-09-24 00:00:00,Late Delivery,142.93
RET00138,TX001038,2026-01-09 00:00:00,Not as Described,59.6
RET00139,TX001040,2026-06-01 00:00:00,Defective,65.49
RET00140,TX001046,2025-07-06 00:00:00,Wrong Size,356.23
RET00141,TX001051,2024-09-17 00:00:00,Late Delivery,77.56
RET00142,TX001053,2025-01-24 00:00:00,Defective,74.89
RET00143,TX001055,2025-03-10 00:00:00,Changed Mind,73.21
RET00144,TX001056,2025-03-10 00:00:00,Wrong Size,266.14
RET00145,TX001075,2025-09-13 00:00:00,Wrong Size,35.94
RET00146,TX001076,2026-02-19 00:00:00,Changed Mind,148.19
RET00147,TX001085,2026-06-29 00:00:00,Wrong Size,11.76
RET00148,TX001086,2024-11-01 00:00:00,Late Delivery,24.93
RET00149,TX001087,2025-09-21 00:00:00,Not as Described,37.35
RET00150,TX001090,2024-06-17 00:00:00,Wrong Size,56.22
RET00151,TX001091,2024-07-20 00:00:00,Not as Described,27.53
RET00152,TX001124,2025-10-22 00:00:00,Defective,99.44
RET00153,TX001131,2025-11-09 00:00:00,Wrong Size,137.72
RET00154,TX001152,2026-05-07 00:00:00,Late Delivery,259.68
RET00155,TX001166,2025-04-30 00:00:00,Changed Mind,118.6
RET00156,TX001170,2025-07-02 00:00:00,Late Delivery,140.49
RET00157,TX001172,2025-09-11 00:00:00,Late Delivery,74.59
RET00158,TX001180,2025-11-28 00:00:00,Defective,86.49
RET00159,TX001188,2026-01-22 00:00:00,Late Delivery,289.32
RET00160,TX001202,2026-01-11 00:00:00,Changed Mind,294.78
RET00161,TX001211,2024-08-20 00:00:00,Defective,50.94
RET00162,TX001224,2025-08-29 00:00:00,Not as Described,131.4
RET00163,TX001225,2025-11-14 00:00:00,Defective,284.48
RET00164,TX001227,2025-12-13 00:00:00,Defective,220.14
RET00165,TX001232,2025-12-24 00:00:00,Late Delivery,54.81
RET00166,TX001243,2025-05-17 00:00:00,Defective,55.9
RET00167,TX001247,2025-04-20 00:00:00,Defective,114.27
RET00168,TX001264,2026-06-13 00:00:00,Not as Described,71.7
RET00169,TX001268,2025-07-01 00:00:00,Late Delivery,81.93
RET00170,TX001271,2025-10-01 00:00:00,Not as Described,124.0
RET00171,TX001274,2024-10-25 00:00:00,Wrong Size,64.49
RET00172,TX001280,2026-04-04 00:00:00,Changed Mind,179.73
RET00173,TX001291,2024-10-05 00:00:00,Not as Described,492.93
RET00174,TX001303,2025-06-27 00:00:00,Changed Mind,22.21
RET00175,TX001310,2025-03-13 00:00:00,Wrong Size,131.9
RET00176,TX001313,2025-05-16 00:00:00,Defective,32.59
RET00177,TX001333,2026-03-08 00:00:00,Defective,97.85
RET00178,TX001337,2026-04-09 00:00:00,Not as Described,117.37
RET00179,TX001348,2026-06-24 00:00:00,Changed Mind,30.4
RET00180,TX001355,2025-11-12 00:00:00,Late Delivery,55.41
RET00181,TX001363,2025-06-05 00:00:00,Not as Described,75.57
RET00182,TX001368,2025-01-22 00:00:00,Defective,40.42
RET00183,TX001372,2025-11-13 00:00:00,Changed Mind,61.89
RET00184,TX001374,2026-02-20 00:00:00,Defective,265.22
RET00185,TX001375,2026-05-11 00:00:00,Late Delivery,145.11
RET00186,TX001378,2024-08-11 00:00:00,Wrong Size,52.8
RET00187,TX001395,2026-06-16 00:00:00,Late Delivery,135.3
RET00188,TX001398,2026-03-24 00:00:00,Defective,211.32
RET00189,TX001399,2026-05-31 00:00:00,Wrong Size,130.19
RET00190,TX001406,2025-12-03 00:00:00,Not as Described,72.79
RET00191,TX001408,2026-04-30 00:00:00,Late Delivery,198.78
RET00192,TX001411,2026-05-05 00:00:00,Wrong Size,64.46
RET00193,TX001417,2026-06-22 00:00:00,Changed Mind,29.96
RET00194,TX001433,2026-04-09 00:00:00,Changed Mind,106.86
RET00195,TX001436,2025-10-16 00:00:00,Late Delivery,72.76
RET00196,TX001439,2025-02-01 00:00:00,Late Delivery,47.91
RET00197,TX001440,2025-02-04 00:00:00,Not as Described,133.37
RET00198,TX001451,2026-06-12 00:00:00,Wrong Size,66.69
RET00199,TX001456,2026-04-16 00:00:00,Late Delivery,238.01
RET00200,TX001460,2026-05-23 00:00:00,Not as Described,104.51
RET00201,TX001464,2026-06-08 00:00:00,Defective,92.19
RET00202,TX001469,2025-03-14 00:00:00,Defective,54.02
RET00203,TX001472,2026-03-17 00:00:00,Late Delivery,69.16
RET00204,TX001475,2026-01-15 00:00:00,Defective,135.56
RET00205,TX001476,2026-02-06 00:00:00,Wrong Size,23.72
RET00206,TX001481,2026-03-27 00:00:00,Changed Mind,40.48
RET00207,TX001490,2025-07-12 00:00:00,Changed Mind,106.17
RET00208,TX001500,2026-06-04 00:00:00,Late Delivery,32.42
RET00209,TX001501,2026-04-13 00:00:00,Not as Described,165.06
RET00210,TX001509,2025-03-26 00:00:00,Defective,93.32
RET00211,TX001512,2025-04-15 00:00:00,Not as Described,257.29
RET00212,TX001514,2025-04-20 00:00:00,Not as Described,225.52
RET00213,TX001529,2026-04-03 00:00:00,Late Delivery,162.38
RET00214,TX001530,2026-05-08 00:00:00,Not as Described,99.1
RET00215,TX001536,2025-02-01 00:00:00,Wrong Size,12.34
RET00216,TX001540,2025-05-16 00:00:00,Wrong Size,171.42
RET00217,TX001542,2025-06-28 00:00:00,Not as Described,66.4
RET00218,TX001543,2025-07-23 00:00:00,Late Delivery,179.32
RET00219,TX001545,2025-08-16 00:00:00,Late Delivery,98.19
RET00220,TX001558,2026-05-16 00:00:00,Wrong Size,70.85
RET00221,TX001560,2026-05-27 00:00:00,Late Delivery,355.3
RET00222,TX001568,2025-02-10 00:00:00,Not as Described,43.43
RET00223,TX001573,2026-06-14 00:00:00,Wrong Size,55.55
RET00224,TX001576,2025-09-19 00:00:00,Changed Mind,226.54
RET00225,TX001590,2024-07-15 00:00:00,Wrong Size,67.16
RET00226,TX001605,2024-12-25 00:00:00,Defective,39.97
RET00227,TX001606,2025-05-20 00:00:00,Defective,355.54
RET00228,TX001609,2025-11-07 00:00:00,Changed Mind,186.7
RET00229,TX001619,2025-12-29 00:00:00,Late Delivery,58.42
RET00230,TX001631,2026-05-23 00:00:00,Late Delivery,96.39
RET00231,TX001643,2025-07-20 00:00:00,Not as Described,76.18
RET00232,TX001646,2025-10-01 00:00:00,Defective,30.17
RET00233,TX001647,2026-03-19 00:00:00,Changed Mind,76.25
RET00234,TX001650,2025-07-26 00:00:00,Defective,96.47
RET00235,TX001652,2025-09-29 00:00:00,Not as Described,861.28
RET00236,TX001653,2025-10-10 00:00:00,Defective,52.75
RET00237,TX001655,2026-02-04 00:00:00,Not as Described,60.79
RET00238,TX001658,2025-10-27 00:00:00,Defective,105.42
RET00239,TX001663,2026-01-04 00:00:00,Defective,78.09
RET00240,TX001665,2026-04-07 00:00:00,Wrong Size,183.62
RET00241,TX001666,2024-08-24 00:00:00,Wrong Size,161.91
RET00242,TX001671,2026-04-30 00:00:00,Late Delivery,118.62
RET00243,TX001672,2024-06-25 00:00:00,Changed Mind,86.9
RET00244,TX001674,2026-04-08 00:00:00,Changed Mind,70.81
RET00245,TX001675,2026-04-18 00:00:00,Defective,14.76
RET00246,TX001676,2026-04-24 00:00:00,Late Delivery,56.68
RET00247,TX001680,2025-12-10 00:00:00,Changed Mind,47.69
RET00248,TX001681,2026-03-03 00:00:00,Late Delivery,49.64
RET00249,TX001691,2026-02-01 00:00:00,Wrong Size,116.67
RET00250,TX001694,2026-04-19 00:00:00,Late Delivery,199.13
RET00251,TX001697,2026-03-18 00:00:00,Defective,99.01
RET00252,TX001698,2026-05-23 00:00:00,Late Delivery,106.64
RET00253,TX001710,2025-04-09 00:00:00,Defective,64.08
RET00254,TX001715,2026-04-20 00:00:00,Defective,291.74
RET00255,TX001717,2026-05-29 00:00:00,Defective,91.53
RET00256,TX001721,2025-11-05 00:00:00,Not as Described,21.18
RET00257,TX001736,2025-04-05 00:00:00,Wrong Size,97.86
RET00258,TX001742,2024-10-18 00:00:00,Changed Mind,246.15
RET00259,TX001743,2025-08-18 00:00:00,Defective,55.77
RET00260,TX001752,2026-05-01 00:00:00,Late Delivery,66.84
RET00261,TX001757,2024-10-28 00:00:00,Not as Described,65.83
RET00262,TX001765,2025-12-27 00:00:00,Late Delivery,283.44
RET00263,TX001767,2026-01-23 00:00:00,Not as Described,90.91
RET00264,TX001776,2026-05-09 00:00:00,Late Delivery,185.58
RET00265,TX001779,2024-12-11 00:00:00,Not as Described,126.65
RET00266,TX001785,2026-01-04 00:00:00,Changed Mind,89.82
RET00267,TX001795,2025-03-27 00:00:00,Defective,189.78
RET00268,TX001819,2025-07-19 00:00:00,Wrong Size,53.54
RET00269,TX001822,2025-10-13 00:00:00,Late Delivery,39.57
RET00270,TX001826,2026-02-13 00:00:00,Defective,58.49
RET00271,TX001830,2026-01-29 00:00:00,Defective,129.33
RET00272,TX001836,2026-06-04 00:00:00,Defective,145.07
RET00273,TX001842,2025-08-23 00:00:00,Changed Mind,40.77
RET00274,TX001848,2025-12-01 00:00:00,Changed Mind,64.29
RET00275,TX001853,2026-03-11 00:00:00,Changed Mind,103.42
RET00276,TX001856,2025-05-24 00:00:00,Defective,63.74
RET00277,TX001860,2025-01-24 00:00:00,Wrong Size,512.3
RET00278,TX001867,2026-06-19 00:00:00,Changed Mind,71.06
RET00279,TX001868,2025-12-19 00:00:00,Wrong Size,92.35
RET00280,TX001871,2026-04-21 00:00:00,Wrong Size,148.01
RET00281,TX001873,2025-09-29 00:00:00,Changed Mind,61.18
RET00282,TX001875,2025-08-09 00:00:00,Late Delivery,107.67
RET00283,TX001876,2024-11-11 00:00:00,Late Delivery,49.39
RET00284,TX001879,2025-08-09 00:00:00,Wrong Size,63.45
RET00285,TX001882,2026-05-07 00:00:00,Late Delivery,186.36
RET00286,TX001884,2026-06-12 00:00:00,Late Delivery,46.6
RET00287,TX001888,2025-12-10 00:00:00,Defective,85.03
RET00288,TX001894,2026-05-09 00:00:00,Wrong Size,104.24
RET00289,TX001912,2026-02-04 00:00:00,Defective,61.76
RET00290,TX001913,2026-02-24 00:00:00,Defective,196.53
RET00291,TX001924,2025-01-09 00:00:00,Changed Mind,66.41
RET00292,TX001927,2025-10-12 00:00:00,Late Delivery,57.76
RET00293,TX001931,2025-10-13 00:00:00,Wrong Size,66.92
RET00294,TX001938,2025-02-20 00:00:00,Wrong Size,74.77
RET00295,TX001940,2024-12-30 00:00:00,Late Delivery,97.96
RET00296,TX001945,2026-01-11 00:00:00,Not as Described,315.82
RET00297,TX001949,2025-12-14 00:00:00,Late Delivery,122.73
RET00298,TX001957,2025-12-03 00:00:00,Not as Described,141.09
RET00299,TX001959,2026-03-29 00:00:00,Wrong Size,127.14
RET00300,TX001961,2025-06-15 00:00:00,Wrong Size,196.85
RET00301,TX001981,2024-10-18 00:00:00,Changed Mind,25.35
RET00302,TX001987,2026-06-16 00:00:00,Not as Described,102.03
RET00303,TX001991,2025-10-13 00:00:00,Not as Described,86.04
RET00304,TX001998,2026-04-03 00:00:00,Changed Mind,129.54
RET00305,TX002004,2025-06-12 00:00:00,Not as Described,75.54
RET00306,TX002010,2025-02-21 00:00:00,Defective,47.71
RET00307,TX002015,2025-07-23 00:00:00,Not as Described,43.98
RET00308,TX002017,2025-12-05 00:00:00,Changed Mind,52.12
RET00309,TX002019,2026-02-01 00:00:00,Defective,241.86
RET00310,TX002021,2026-03-31 00:00:00,Late Delivery,57.69
RET00311,TX002024,2025-01-25 00:00:00,Defective,26.17
RET00312,TX002026,2024-08-04 00:00:00,Changed Mind,105.97
RET00313,TX002028,2024-09-12 00:00:00,Defective,75.87
RET00314,TX002034,2025-07-23 00:00:00,Not as Described,109.42
RET00315,TX002035,2025-08-27 00:00:00,Late Delivery,42.05
RET00316,TX002037,2025-11-18 00:00:00,Wrong Size,158.55
RET00317,TX002039,2026-05-08 00:00:00,Changed Mind,64.14
RET00318,TX002045,2026-01-31 00:00:00,Late Delivery,327.79
RET00319,TX002050,2025-11-04 00:00:00,Late Delivery,293.89
RET00320,TX002053,2024-09-27 00:00:00,Defective,89.22
RET00321,TX002067,2024-12-05 00:00:00,Not as Described,105.81
RET00322,TX002075,2025-04-13 00:00:00,Not as Described,95.24
RET00323,TX002079,2025-07-09 00:00:00,Not as Described,362.96
RET00324,TX002086,2025-11-16 00:00:00,Wrong Size,166.31
RET00325,TX002088,2026-04-11 00:00:00,Defective,59.72
RET00326,TX002104,2026-04-07 00:00:00,Not as Described,217.8
RET00327,TX002133,2026-03-18 00:00:00,Not as Described,188.85
RET00328,TX002138,2026-05-25 00:00:00,Defective,59.54
RET00329,TX002141,2025-04-05 00:00:00,Not as Described,74.36
RET00330,TX002147,2025-09-24 00:00:00,Late Delivery,288.24
RET00331,TX002150,2025-08-23 00:00:00,Defective,42.28
RET00332,TX002158,2025-12-09 00:00:00,Wrong Size,154.59
RET00333,TX002159,2024-08-17 00:00:00,Late Delivery,403.76
RET00334,TX002163,2025-02-08 00:00:00,Not as Described,67.38
RET00335,TX002169,2026-04-12 00:00:00,Not as Described,255.43
RET00336,TX002176,2026-03-22 00:00:00,Defective,44.62
RET00337,TX002178,2025-10-03 00:00:00,Late Delivery,135.16
RET00338,TX002191,2025-07-12 00:00:00,Not as Described,79.03
RET00339,TX002193,2026-05-18 00:00:00,Late Delivery,65.28
RET00340,TX002200,2024-10-08 00:00:00,Not as Described,97.87
RET00341,TX002204,2025-07-11 00:00:00,Changed Mind,317.79
RET00342,TX002206,2025-09-06 00:00:00,Changed Mind,382.04
RET00343,TX002211,2026-01-19 00:00:00,Late Delivery,129.92
RET00344,TX002214,2026-05-29 00:00:00,Changed Mind,40.92
RET00345,TX002221,2025-06-01 00:00:00,Changed Mind,180.64
RET00346,TX002225,2026-05-20 00:00:00,Late Delivery,966.09
RET00347,TX002231,2026-06-10 00:00:00,Changed Mind,11.33
RET00348,TX002241,2025-10-26 00:00:00,Not as Described,115.34
RET00349,TX002242,2026-06-03 00:00:00,Defective,111.46
RET00350,TX002245,2024-10-13 00:00:00,Defective,138.52
RET00351,TX002248,2025-04-22 00:00:00,Not as Described,91.59
RET00352,TX002257,2026-06-23 00:00:00,Changed Mind,133.7
RET00353,TX002265,2026-04-24 00:00:00,Changed Mind,47.08
RET00354,TX002277,2025-12-26 00:00:00,Changed Mind,31.61
RET00355,TX002287,2026-01-14 00:00:00,Wrong Size,273.14
RET00356,TX002291,2026-06-19 00:00:00,Wrong Size,25.57
RET00357,TX002301,2026-02-06 00:00:00,Not as Described,134.14
RET00358,TX002313,2025-03-08 00:00:00,Not as Described,69.71
RET00359,TX002321,2025-10-17 00:00:00,Changed Mind,46.21
RET00360,TX002322,2025-11-08 00:00:00,Not as Described,384.18
RET00361,TX002331,2026-04-14 00:00:00,Not as Described,60.62
RET00362,TX002333,2026-04-18 00:00:00,Wrong Size,118.74
RET00363,TX002334,2026-05-01 00:00:00,Wrong Size,120.36
RET00364,TX002358,2025-03-10 00:00:00,Late Delivery,112.92
RET00365,TX002359,2025-03-25 00:00:00,Wrong Size,94.3
RET00366,TX002376,2024-04-21 00:00:00,Not as Described,347.42
RET00367,TX002378,2025-10-28 00:00:00,Not as Described,81.29
RET00368,TX002396,2025-01-09 00:00:00,Changed Mind,145.9
RET00369,TX002403,2025-04-16 00:00:00,Late Delivery,103.27
RET00370,TX002408,2026-01-09 00:00:00,Defective,69.35
RET00371,TX002412,2025-12-13 00:00:00,Not as Described,67.43
RET00372,TX002414,2025-03-20 00:00:00,Not as Described,241.38
RET00373,TX002416,2025-10-01 00:00:00,Not as Described,229.61
RET00374,TX002422,2026-05-20 00:00:00,Late Delivery,48.92
RET00375,TX002429,2025-09-14 00:00:00,Defective,23.33
RET00376,TX002443,2026-06-03 00:00:00,Defective,74.99
RET00377,TX002444,2026-06-05 00:00:00,Defective,270.69
RET00378,TX002447,2026-06-28 00:00:00,Changed Mind,181.9
RET00379,TX002452,2024-11-06 00:00:00,Changed Mind,117.03
RET00380,TX002454,2025-09-16 00:00:00,Not as Described,53.12
RET00381,TX002465,2026-01-14 00:00:00,Late Delivery,367.2
RET00382,TX002466,2026-02-21 00:00:00,Changed Mind,250.31
RET00383,TX002472,2025-09-05 00:00:00,Defective,96.81
RET00384,TX002476,2026-01-09 00:00:00,Wrong Size,216.45
RET00385,TX002479,2026-04-23 00:00:00,Wrong Size,28.74
RET00386,TX002482,2026-06-04 00:00:00,Wrong Size,69.55
RET00387,TX002502,2026-04-20 00:00:00,Wrong Size,375.66
RET00388,TX002512,2026-01-07 00:00:00,Wrong Size,47.89
RET00389,TX002519,2025-09-21 00:00:00,Changed Mind,160.04
RET00390,TX002536,2025-03-15 00:00:00,Late Delivery,123.85
RET00391,TX002538,2025-10-08 00:00:00,Not as Described,109.32
RET00392,TX002546,2026-03-02 00:00:00,Changed Mind,63.11
RET00393,TX002549,2026-05-26 00:00:00,Wrong Size,146.6
RET00394,TX002555,2025-09-29 00:00:00,Late Delivery,76.84
RET00395,TX002558,2025-10-25 00:00:00,Defective,894.2
RET00396,TX002563,2026-02-05 00:00:00,Late Delivery,42.22
RET00397,TX002567,2026-06-23 00:00:00,Wrong Size,140.69
RET00398,TX002579,2026-03-22 00:00:00,Late Delivery,96.04
RET00399,TX002601,2025-11-22 00:00:00,Not as Described,170.25
RET00400,TX002610,2025-04-30 00:00:00,Wrong Size,96.12
RET00401,TX002612,2025-12-10 00:00:00,Wrong Size,467.28
RET00402,TX002622,2026-02-05 00:00:00,Changed Mind,64.89
RET00403,TX002645,2026-03-12 00:00:00,Defective,74.34
RET00404,TX002648,2026-05-28 00:00:00,Not as Described,336.06
RET00405,TX002650,2026-06-03 00:00:00,Late Delivery,408.75
RET00406,TX002653,2024-09-13 00:00:00,Changed Mind,127.12
RET00407,TX002662,2026-04-28 00:00:00,Wrong Size,198.42
RET00408,TX002666,2025-08-02 00:00:00,Not as Described,62.22
RET00409,TX002694,2025-06-22 00:00:00,Defective,35.26
RET00410,TX002706,2026-05-04 00:00:00,Late Delivery,267.72
RET00411,TX002707,2026-05-18 00:00:00,Changed Mind,156.02
RET00412,TX002713,2024-08-17 00:00:00,Not as Described,114.82
RET00413,TX002734,2025-12-26 00:00:00,Not as Described,134.5
RET00414,TX002743,2026-05-14 00:00:00,Late Delivery,110.48
RET00415,TX002746,2025-01-24 00:00:00,Defective,88.89
RET00416,TX002763,2026-01-06 00:00:00,Late Delivery,77.25
RET00417,TX002769,2026-05-08 00:00:00,Not as Described,149.71
RET00418,TX002771,2026-06-20 00:00:00,Late Delivery,122.16
RET00419,TX002772,2026-06-27 00:00:00,Late Delivery,336.36
RET00420,TX002777,2026-05-09 00:00:00,Late Delivery,226.73
RET00421,TX002782,2026-02-01 00:00:00,Defective,71.17
RET00422,TX002800,2026-03-08 00:00:00,Changed Mind,64.65
RET00423,TX002804,2026-04-04 00:00:00,Not as Described,112.68
RET00424,TX002820,2025-06-06 00:00:00,Changed Mind,50.32
RET00425,TX002821,2025-07-05 00:00:00,Wrong Size,88.32
RET00426,TX002827,2026-03-10 00:00:00,Defective,161.44
RET00427,TX002835,2026-04-06 00:00:00,Defective,36.11
RET00428,TX002846,2026-04-10 00:00:00,Wrong Size,38.94
RET00429,TX002849,2026-03-22 00:00:00,Late Delivery,54.5
RET00430,TX002878,2025-07-21 00:00:00,Not as Described,60.87
RET00431,TX002890,2026-06-06 00:00:00,Wrong Size,79.92
RET00432,TX002891,2024-06-15 00:00:00,Not as Described,117.23
RET00433,TX002892,2025-07-07 00:00:00,Not as Described,92.86
RET00434,TX002894,2025-05-08 00:00:00,Not as Described,28.06
RET00435,TX002905,2025-12-17 00:00:00,Defective,55.9
RET00436,TX002914,2025-07-26 00:00:00,Not as Described,15.24
RET00437,TX002917,2026-03-29 00:00:00,Wrong Size,82.02
RET00438,TX002922,2026-03-09 00:00:00,Late Delivery,112.95
RET00439,TX002930,2026-04-15 00:00:00,Late Delivery,51.15
RET00440,TX002940,2026-06-26 00:00:00,Changed Mind,79.51
RET00441,TX002954,2025-11-04 00:00:00,Late Delivery,88.81
RET00442,TX002958,2025-02-04 00:00:00,Defective,148.26
RET00443,TX002960,2026-02-08 00:00:00,Changed Mind,208.92
RET00444,TX002968,2025-05-30 00:00:00,Changed Mind,95.01
RET00445,TX002974,2024-09-28 00:00:00,Late Delivery,110.55
RET00446,TX002978,2026-06-16 00:00:00,Changed Mind,75.27
RET00447,TX002979,2025-01-30 00:00:00,Defective,90.55
RET00448,TX002991,2024-11-26 00:00:00,Not as Described,38.16
RET00449,TX002993,2025-03-21 00:00:00,Late Delivery,185.39
RET00450,TX002998,2025-03-05 00:00:00,Wrong Size,41.42
RET00451,TX003000,2025-10-21 00:00:00,Late Delivery,135.92
RET00452,TX003010,2025-04-08 00:00:00,Not as Described,39.25
RET00453,TX003013,2025-10-03 00:00:00,Not as Described,70.83
RET00454,TX003016,2026-01-21 00:00:00,Not as Described,163.2
RET00455,TX003031,2026-03-29 00:00:00,Changed Mind,94.51
RET00456,TX003033,2025-06-26 00:00:00,Not as Described,73.6
RET00457,TX003039,2026-06-23 00:00:00,Defective,89.72
RET00458,TX003050,2026-05-13 00:00:00,Changed Mind,92.16
RET00459,TX003053,2025-12-12 00:00:00,Changed Mind,63.83
RET00460,TX003054,2025-06-12 00:00:00,Not as Described,67.47
RET00461,TX003060,2025-10-17 00:00:00,Defective,160.55
RET00462,TX003061,2025-12-11 00:00:00,Defective,349.68
RET00463,TX003065,2026-05-02 00:00:00,Defective,192.25
RET00464,TX003094,2025-09-10 00:00:00,Late Delivery,98.6
RET00465,TX003097,2025-10-12 00:00:00,Defective,167.76
RET00466,TX003101,2026-04-29 00:00:00,Defective,23.83
RET00467,TX003113,2026-03-05 00:00:00,Not as Described,322.6
RET00468,TX003114,2026-05-18 00:00:00,Wrong Size,66.85
RET00469,TX003115,2026-06-10 00:00:00,Wrong Size,216.73
RET00470,TX003119,2024-08-07 00:00:00,Changed Mind,56.59
RET00471,TX003125,2026-05-21 00:00:00,Not as Described,186.85
RET00472,TX003126,2026-05-28 00:00:00,Late Delivery,69.41
RET00473,TX003129,2025-12-12 00:00:00,Not as Described,240.02
RET00474,TX003137,2024-03-10 00:00:00,Changed Mind,86.88
RET00475,TX003153,2026-05-13 00:00:00,Wrong Size,23.49
RET00476,TX003157,2024-12-20 00:00:00,Late Delivery,47.91
RET00477,TX003164,2026-04-16 00:00:00,Changed Mind,405.32
RET00478,TX003165,2026-01-12 00:00:00,Defective,122.93
RET00479,TX003198,2026-04-20 00:00:00,Defective,65.0
RET00480,TX003200,2026-06-28 00:00:00,Changed Mind,90.66
RET00481,TX003204,2026-02-25 00:00:00,Changed Mind,113.21
RET00482,TX003215,2026-06-11 00:00:00,Not as Described,159.1
RET00483,TX003217,2026-06-30 00:00:00,Wrong Size,37.66
RET00484,TX003218,2024-12-20 00:00:00,Changed Mind,106.11
RET00485,TX003228,2026-05-02 00:00:00,Defective,92.61
RET00486,TX003234,2025-11-22 00:00:00,Late Delivery,231.76
RET00487,TX003238,2026-02-06 00:00:00,Defective,102.83
RET00488,TX003240,2026-02-17 00:00:00,Defective,121.51
RET00489,TX003241,2026-02-27 00:00:00,Wrong Size,336.74
RET00490,TX003255,2026-04-20 00:00:00,Defective,109.56
RET00491,TX003259,2026-06-24 00:00:00,Changed Mind,93.1
RET00492,TX003261,2026-02-03 00:00:00,Changed Mind,47.21
RET00493,TX003272,2026-06-12 00:00:00,Defective,96.34
RET00494,TX003277,2025-10-15 00:00:00,Changed Mind,119.4
RET00495,TX003289,2026-05-15 00:00:00,Wrong Size,88.07
RET00496,TX003291,2024-12-07 00:00:00,Not as Described,47.31
RET00497,TX003300,2025-08-13 00:00:00,Changed Mind,58.26
RET00498,TX003302,2026-06-06 00:00:00,Changed Mind,107.88
RET00499,TX003337,2026-05-07 00:00:00,Not as Described,223.15
RET00500,TX003351,2025-09-27 00:00:00,Defective,110.58
RET00501,TX003356,2026-04-10 00:00:00,Changed Mind,64.13
RET00502,TX003366,2026-03-07 00:00:00,Defective,114.16
RET00503,TX003368,2026-01-12 00:00:00,Wrong Size,219.9
RET00504,TX003377,2026-05-10 00:00:00,Not as Described,124.24
RET00505,TX003383,2025-07-07 00:00:00,Late Delivery,26.44
RET00506,TX003389,2026-06-05 00:00:00,Defective,74.61
RET00507,TX003396,2026-05-14 00:00:00,Changed Mind,61.45
RET00508,TX003405,2026-06-29 00:00:00,Changed Mind,161.64
RET00509,TX003408,2026-03-16 00:00:00,Not as Described,36.51
RET00510,TX003410,2026-06-04 00:00:00,Not as Described,99.53
RET00511,TX003445,2024-12-05 00:00:00,Defective,174.51
RET00512,TX003452,2025-10-21 00:00:00,Not as Described,96.35
RET00513,TX003458,2025-03-05 00:00:00,Late Delivery,123.92
RET00514,TX003459,2025-03-15 00:00:00,Changed Mind,22.23
RET00515,TX003467,2026-05-12 00:00:00,Wrong Size,199.37
RET00516,TX003473,2025-12-28 00:00:00,Changed Mind,122.27
RET00517,TX003480,2025-08-10 00:00:00,Changed Mind,40.38
RET00518,TX003486,2026-03-21 00:00:00,Not as Described,252.25
RET00519,TX003525,2025-02-04 00:00:00,Defective,125.18
RET00520,TX003528,2026-02-11 00:00:00,Not as Described,210.66
RET00521,TX003533,2026-03-15 00:00:00,Changed Mind,25.95
RET00522,TX003550,2024-09-10 00:00:00,Not as Described,64.35
RET00523,TX003553,2025-09-27 00:00:00,Wrong Size,94.23
RET00524,TX003557,2026-03-02 00:00:00,Wrong Size,70.18
RET00525,TX003564,2026-06-11 00:00:00,Not as Described,186.44
RET00526,TX003565,2025-05-20 00:00:00,Changed Mind,98.09
RET00527,TX003572,2025-11-03 00:00:00,Wrong Size,185.87
RET00528,TX003578,2026-05-24 00:00:00,Changed Mind,221.16
RET00529,TX003580,2026-06-15 00:00:00,Defective,76.23
RET00530,TX003601,2026-01-26 00:00:00,Wrong Size,183.53
RET00531,TX003618,2024-06-02 00:00:00,Late Delivery,72.91
RET00532,TX003624,2025-10-27 00:00:00,Not as Described,40.32
RET00533,TX003631,2026-01-19 00:00:00,Defective,28.8
RET00534,TX003635,2024-09-29 00:00:00,Late Delivery,82.13
RET00535,TX003655,2025-07-20 00:00:00,Defective,61.04
RET00536,TX003657,2025-10-24 00:00:00,Defective,111.91
RET00537,TX003667,2026-05-31 00:00:00,Late Delivery,149.09
RET00538,TX003682,2024-06-18 00:00:00,Not as Described,590.02
RET00539,TX003686,2025-09-24 00:00:00,Wrong Size,67.37
RET00540,TX003694,2025-12-13 00:00:00,Changed Mind,276.75
RET00541,TX003701,2026-06-28 00:00:00,Wrong Size,276.18
RET00542,TX003711,2026-01-31 00:00:00,Wrong Size,118.18
RET00543,TX003719,2026-05-01 00:00:00,Not as Described,79.74
RET00544,TX003725,2026-01-09 00:00:00,Wrong Size,29.87
RET00545,TX003733,2026-03-21 00:00:00,Changed Mind,74.01
RET00546,TX003747,2025-11-22 00:00:00,Not as Described,362.34
RET00547,TX003751,2026-01-08 00:00:00,Changed Mind,107.08
RET00548,TX003768,2025-11-29 00:00:00,Changed Mind,547.52
RET00549,TX003770,2026-01-02 00:00:00,Late Delivery,41.73
RET00550,TX003774,2025-08-27 00:00:00,Defective,66.05
RET00551,TX003783,2026-04-08 00:00:00,Late Delivery,42.95
RET00552,TX003785,2026-05-14 00:00:00,Wrong Size,69.74
RET00553,TX003804,2025-10-28 00:00:00,Defective,69.2
RET00554,TX003810,2025-02-22 00:00:00,Wrong Size,100.56
RET00555,TX003812,2025-05-17 00:00:00,Defective,305.88
RET00556,TX003815,2026-01-03 00:00:00,Not as Described,317.54
RET00557,TX003816,2026-03-18 00:00:00,Not as Described,42.53
RET00558,TX003817,2026-04-03 00:00:00,Not as Described,121.51
RET00559,TX003820,2025-10-25 00:00:00,Changed Mind,176.33
RET00560,TX003830,2025-11-15 00:00:00,Late Delivery,65.57
RET00561,TX003834,2025-12-02 00:00:00,Wrong Size,72.55
RET00562,TX003835,2025-12-11 00:00:00,Changed Mind,56.39
RET00563,TX003836,2025-12-10 00:00:00,Not as Described,56.18
RET00564,TX003838,2026-01-05 00:00:00,Late Delivery,163.62
RET00565,TX003841,2026-02-10 00:00:00,Defective,564.06
RET00566,TX003843,2026-03-10 00:00:00,Defective,121.02
RET00567,TX003853,2026-02-11 00:00:00,Defective,233.35
RET00568,TX003860,2025-01-19 00:00:00,Defective,200.96
RET00569,TX003865,2025-07-13 00:00:00,Defective,42.63
RET00570,TX003878,2025-10-01 00:00:00,Late Delivery,84.22
RET00571,TX003881,2026-02-13 00:00:00,Late Delivery,42.07
RET00572,TX003882,2026-03-28 00:00:00,Defective,78.75
RET00573,TX003889,2025-11-13 00:00:00,Wrong Size,88.16
RET00574,TX003895,2026-03-22 00:00:00,Wrong Size,26.5
RET00575,TX003900,2025-01-23 00:00:00,Not as Described,186.03
RET00576,TX003903,2026-03-22 00:00:00,Late Delivery,109.44
RET00577,TX003925,2026-06-19 00:00:00,Wrong Size,100.89
RET00578,TX003926,2025-05-27 00:00:00,Changed Mind,47.52
RET00579,TX003927,2025-12-06 00:00:00,Not as Described,305.94
RET00580,TX003929,2026-02-09 00:00:00,Changed Mind,117.15
RET00581,TX003941,2025-12-28 00:00:00,Defective,64.36
RET00582,TX003978,2025-03-01 00:00:00,Defective,177.79
RET00583,TX003992,2025-10-05 00:00:00,Not as Described,44.01
RET00584,TX004004,2026-05-04 00:00:00,Late Delivery,71.53
RET00585,TX004005,2026-05-19 00:00:00,Wrong Size,44.46
RET00586,TX004019,2026-01-09 00:00:00,Defective,143.64
RET00587,TX004021,2026-06-05 00:00:00,Defective,242.55
RET00588,TX004022,2025-09-28 00:00:00,Defective,86.44
RET00589,TX004033,2026-04-10 00:00:00,Wrong Size,19.93
RET00590,TX004041,2025-10-08 00:00:00,Changed Mind,118.97
RET00591,TX004049,2026-05-05 00:00:00,Not as Described,130.99
RET00592,TX004054,2026-06-12 00:00:00,Defective,101.87
RET00593,TX004056,2026-06-14 00:00:00,Late Delivery,90.68
RET00594,TX004060,2025-11-21 00:00:00,Late Delivery,174.22
RET00595,TX004074,2026-04-16 00:00:00,Defective,178.23
RET00596,TX004083,2024-06-03 00:00:00,Not as Described,71.98
RET00597,TX004087,2025-03-24 00:00:00,Defective,91.11
RET00598,TX004093,2025-09-01 00:00:00,Not as Described,133.26
RET00599,TX004095,2025-10-11 00:00:00,Changed Mind,196.0
RET00600,TX004097,2026-01-29 00:00:00,Changed Mind,53.48
RET00601,TX004111,2024-04-09 00:00:00,Late Delivery,153.98
RET00602,TX004113,2024-06-06 00:00:00,Changed Mind,345.35
RET00603,TX004115,2025-03-05 00:00:00,Late Delivery,351.3
RET00604,TX004118,2025-09-27 00:00:00,Not as Described,102.9
RET00605,TX004121,2026-01-18 00:00:00,Changed Mind,36.89
RET00606,TX004124,2025-03-11 00:00:00,Wrong Size,105.36
RET00607,TX004125,2025-07-09 00:00:00,Not as Described,122.17
RET00608,TX004127,2025-03-08 00:00:00,Wrong Size,83.38
RET00609,TX004129,2025-06-01 00:00:00,Late Delivery,148.76
RET00610,TX004144,2025-01-15 00:00:00,Wrong Size,138.86
RET00611,TX004151,2025-08-11 00:00:00,Wrong Size,43.85
RET00612,TX004158,2025-11-09 00:00:00,Defective,36.73
RET00613,TX004159,2025-11-07 00:00:00,Defective,286.94
RET00614,TX004166,2026-01-11 00:00:00,Wrong Size,62.25
RET00615,TX004174,2026-03-23 00:00:00,Late Delivery,74.18
RET00616,TX004180,2026-04-15 00:00:00,Late Delivery,64.38
RET00617,TX004186,2026-06-14 00:00:00,Wrong Size,146.18
RET00618,TX004189,2025-10-26 00:00:00,Not as Described,177.55
RET00619,TX004193,2025-12-19 00:00:00,Wrong Size,109.32
RET00620,TX004196,2026-01-13 00:00:00,Defective,80.5
RET00621,TX004204,2026-06-06 00:00:00,Not as Described,111.19
RET00622,TX004215,2026-06-04 00:00:00,Defective,368.28
RET00623,TX004217,2025-10-25 00:00:00,Defective,25.29
RET00624,TX004221,2025-04-13 00:00:00,Late Delivery,313.03
RET00625,TX004224,2024-04-27 00:00:00,Not as Described,86.71
RET00626,TX004229,2026-03-08 00:00:00,Not as Described,43.92
RET00627,TX004235,2025-04-20 00:00:00,Changed Mind,58.01
RET00628,TX004236,2025-04-29 00:00:00,Late Delivery,72.37
RET00629,TX004239,2025-07-22 00:00:00,Defective,206.77
RET00630,TX004251,2026-02-02 00:00:00,Defective,51.27
RET00631,TX004252,2026-02-19 00:00:00,Late Delivery,173.82
RET00632,TX004259,2025-03-17 00:00:00,Wrong Size,66.21
RET00633,TX004273,2025-11-13 00:00:00,Not as Described,155.38
RET00634,TX004283,2026-05-08 00:00:00,Changed Mind,63.63
RET00635,TX004293,2026-06-12 00:00:00,Changed Mind,196.27
RET00636,TX004302,2024-12-15 00:00:00,Wrong Size,107.42
RET00637,TX004304,2026-04-08 00:00:00,Wrong Size,75.42
RET00638,TX004316,2025-10-30 00:00:00,Defective,59.35
RET00639,TX004325,2026-05-05 00:00:00,Late Delivery,27.25
RET00640,TX004327,2026-03-06 00:00:00,Wrong Size,906.16
RET00641,TX004328,2025-03-19 00:00:00,Defective,116.99
RET00642,TX004330,2026-05-14 00:00:00,Wrong Size,440.86
RET00643,TX004339,2026-05-12 00:00:00,Wrong Size,63.24
RET00644,TX004352,2025-07-29 00:00:00,Changed Mind,117.08
RET00645,TX004362,2026-06-01 00:00:00,Wrong Size,62.81
RET00646,TX004363,2024-04-20 00:00:00,Changed Mind,205.64
RET00647,TX004372,2026-04-05 00:00:00,Defective,73.35
RET00648,TX004378,2026-04-04 00:00:00,Wrong Size,128.08
RET00649,TX004379,2025-03-05 00:00:00,Wrong Size,41.67
RET00650,TX004405,2025-11-30 00:00:00,Late Delivery,90.73
RET00651,TX004408,2026-05-04 00:00:00,Changed Mind,622.04
RET00652,TX004414,2025-08-31 00:00:00,Changed Mind,33.24
RET00653,TX004419,2025-12-06 00:00:00,Not as Described,43.36
RET00654,TX004441,2026-01-26 00:00:00,Not as Described,79.05
RET00655,TX004443,2026-04-26 00:00:00,Changed Mind,155.9
RET00656,TX004459,2025-12-09 00:00:00,Late Delivery,54.67
RET00657,TX004468,2026-06-04 00:00:00,Late Delivery,168.48
RET00658,TX004470,2025-11-07 00:00:00,Wrong Size,96.1
RET00659,TX004487,2026-02-18 00:00:00,Changed Mind,103.58
RET00660,TX004494,2025-07-25 00:00:00,Late Delivery,103.72
RET00661,TX004497,2025-12-03 00:00:00,Not as Described,196.74
RET00662,TX004508,2026-06-30 00:00:00,Changed Mind,90.33
RET00663,TX004510,2025-01-29 00:00:00,Not as Described,229.88
RET00664,TX004520,2025-12-11 00:00:00,Changed Mind,179.99
RET00665,TX004525,2026-06-18 00:00:00,Defective,133.83
RET00666,TX004530,2026-03-19 00:00:00,Changed Mind,63.55
RET00667,TX004535,2025-10-01 00:00:00,Defective,157.86
RET00668,TX004541,2026-06-16 00:00:00,Not as Described,115.87
RET00669,TX004544,2024-11-02 00:00:00,Changed Mind,285.24
RET00670,TX004554,2026-03-25 00:00:00,Not as Described,32.48
RET00671,TX004562,2025-12-19 00:00:00,Wrong Size,33.89
RET00672,TX004564,2026-01-12 00:00:00,Late Delivery,229.43
RET00673,TX004566,2026-01-07 00:00:00,Late Delivery,31.85
RET00674,TX004567,2026-02-07 00:00:00,Wrong Size,89.06
RET00675,TX004591,2025-03-17 00:00:00,Defective,70.83
RET00676,TX004610,2026-01-27 00:00:00,Defective,68.74
RET00677,TX004627,2025-10-18 00:00:00,Late Delivery,90.11
RET00678,TX004639,2025-06-05 00:00:00,Late Delivery,186.11
RET00679,TX004654,2026-04-26 00:00:00,Late Delivery,691.89
RET00680,TX004662,2025-09-07 00:00:00,Defective,324.48
RET00681,TX004677,2026-01-07 00:00:00,Wrong Size,218.42
RET00682,TX004686,2026-03-19 00:00:00,Changed Mind,107.37
RET00683,TX004689,2026-03-27 00:00:00,Defective,487.2
RET00684,TX004710,2024-11-07 00:00:00,Not as Described,27.39
RET00685,TX004719,2026-03-12 00:00:00,Not as Described,26.01
RET00686,TX004727,2024-11-12 00:00:00,Defective,71.82
RET00687,TX004732,2026-03-27 00:00:00,Changed Mind,196.11
RET00688,TX004737,2024-11-19 00:00:00,Late Delivery,117.24
RET00689,TX004738,2025-11-08 00:00:00,Changed Mind,34.11
RET00690,TX004743,2026-04-27 00:00:00,Late Delivery,56.28
RET00691,TX004749,2026-05-07 00:00:00,Changed Mind,140.48
RET00692,TX004758,2026-01-07 00:00:00,Changed Mind,149.32
RET00693,TX004760,2026-06-29 00:00:00,Late Delivery,140.17
RET00694,TX004763,2026-05-23 00:00:00,Not as Described,350.0
RET00695,TX004766,2025-07-03 00:00:00,Late Delivery,44.98
RET00696,TX004771,2026-05-01 00:00:00,Late Delivery,135.04
RET00697,TX004777,2025-04-06 00:00:00,Late Delivery,232.1
RET00698,TX004783,2025-08-30 00:00:00,Not as Described,104.09
RET00699,TX004798,2025-03-27 00:00:00,Wrong Size,199.06
RET00700,TX004811,2025-06-16 00:00:00,Changed Mind,74.16
RET00701,TX004831,2026-02-19 00:00:00,Changed Mind,232.4
RET00702,TX004833,2026-04-25 00:00:00,Not as Described,45.69
RET00703,TX004835,2025-06-19 00:00:00,Not as Described,166.73
RET00704,TX004838,2026-04-22 00:00:00,Wrong Size,48.66
RET00705,TX004846,2026-03-10 00:00:00,Not as Described,265.6
RET00706,TX004851,2024-03-22 00:00:00,Defective,53.2
RET00707,TX004857,2024-11-23 00:00:00,Not as Described,52.3
RET00708,TX004860,2025-01-09 00:00:00,Not as Described,326.59
RET00709,TX004862,2025-08-11 00:00:00,Not as Described,164.52
RET00710,TX004881,2026-04-16 00:00:00,Wrong Size,60.09
RET00711,TX004885,2025-06-01 00:00:00,Late Delivery,29.68
RET00712,TX004892,2026-04-04 00:00:00,Defective,90.2
RET00713,TX004894,2026-02-01 00:00:00,Defective,64.79
RET00714,TX004901,2025-05-10 00:00:00,Defective,54.2
RET00715,TX004908,2025-10-30 00:00:00,Changed Mind,105.67
RET00716,TX004910,2026-03-12 00:00:00,Defective,341.66
RET00717,TX004911,2024-08-25 00:00:00,Defective,50.25
RET00718,TX004944,2026-03-10 00:00:00,Late Delivery,89.92
RET00719,TX004948,2026-05-11 00:00:00,Wrong Size,296.0
RET00720,TX004950,2026-06-07 00:00:00,Late Delivery,233.22
RET00721,TX004954,2025-02-06 00:00:00,Defective,146.13
RET00722,TX004961,2025-10-04 00:00:00,Not as Described,188.6
RET00723,TX004966,2026-02-08 00:00:00,Changed Mind,77.54
RET00724,TX004974,2026-01-15 00:00:00,Not as Described,147.24
RET00725,TX004978,2025-04-23 00:00:00,Wrong Size,86.99
RET00726,TX004980,2025-10-11 00:00:00,Wrong Size,115.35
RET00727,TX004987,2025-10-11 00:00:00,Wrong Size,216.65
RET00728,TX005003,2024-03-27 00:00:00,Late Delivery,130.55
RET00729,TX005005,2024-10-02 00:00:00,Late Delivery,550.89
RET00730,TX005008,2025-04-04 00:00:00,Wrong Size,109.52
RET00731,TX005009,2025-08-25 00:00:00,Late Delivery,75.81
RET00732,TX005010,2025-10-23 00:00:00,Changed Mind,33.36
RET00733,TX005014,2024-09-14 00:00:00,Not as Described,238.59
RET00734,TX005018,2026-05-20 00:00:00,Wrong Size,242.45
RET00735,TX005024,2024-06-29 00:00:00,Defective,50.66
RET00736,TX005032,2025-08-03 00:00:00,Changed Mind,88.35
RET00737,TX005044,2025-09-18 00:00:00,Wrong Size,100.35
RET00738,TX005048,2026-02-23 00:00:00,Defective,55.92
RET00739,TX005057,2025-09-21 00:00:00,Late Delivery,97.96
RET00740,TX005063,2026-01-01 00:00:00,Late Delivery,234.24
RET00741,TX005066,2026-05-28 00:00:00,Not as Described,55.87
RET00742,TX005071,2025-12-02 00:00:00,Wrong Size,59.28
RET00743,TX005074,2025-03-07 00:00:00,Not as Described,63.48
RET00744,TX005089,2025-11-23 00:00:00,Not as Described,112.24
RET00745,TX005103,2026-06-09 00:00:00,Changed Mind,225.0
RET00746,TX005106,2026-03-14 00:00:00,Late Delivery,171.86
RET00747,TX005115,2025-06-12 00:00:00,Late Delivery,53.09
RET00748,TX005120,2025-09-27 00:00:00,Changed Mind,32.93
RET00749,TX005122,2026-05-12 00:00:00,Wrong Size,75.64
RET00750,TX005138,2026-06-10 00:00:00,Late Delivery,196.1
RET00751,TX005148,2025-03-01 00:00:00,Wrong Size,110.71
RET00752,TX005152,2025-09-23 00:00:00,Not as Described,52.84
RET00753,TX005159,2025-11-20 00:00:00,Changed Mind,157.11
RET00754,TX005167,2026-05-02 00:00:00,Defective,998.8
RET00755,TX005173,2026-03-09 00:00:00,Defective,59.16
RET00756,TX005176,2026-02-26 00:00:00,Changed Mind,88.28
RET00757,TX005182,2026-05-01 00:00:00,Late Delivery,48.12
RET00758,TX005199,2025-02-23 00:00:00,Not as Described,149.86
RET00759,TX005201,2025-04-13 00:00:00,Defective,96.82
RET00760,TX005212,2026-01-08 00:00:00,Not as Described,219.72
RET00761,TX005215,2025-08-17 00:00:00,Changed Mind,17.45
RET00762,TX005216,2025-11-13 00:00:00,Late Delivery,116.66
RET00763,TX005237,2026-02-12 00:00:00,Defective,265.68
RET00764,TX005247,2026-06-06 00:00:00,Not as Described,49.04
RET00765,TX005251,2025-07-03 00:00:00,Wrong Size,75.75
RET00766,TX005253,2026-03-12 00:00:00,Changed Mind,57.99
RET00767,TX005262,2026-05-13 00:00:00,Not as Described,132.8
RET00768,TX005269,2026-05-21 00:00:00,Changed Mind,37.88
RET00769,TX005275,2026-06-21 00:00:00,Changed Mind,154.26
RET00770,TX005277,2025-09-08 00:00:00,Late Delivery,70.8
RET00771,TX005301,2026-03-28 00:00:00,Changed Mind,134.53
RET00772,TX005306,2026-05-08 00:00:00,Changed Mind,72.55
RET00773,TX005315,2026-03-06 00:00:00,Not as Described,170.86
RET00774,TX005322,2025-06-26 00:00:00,Wrong Size,467.52
RET00775,TX005323,2025-07-14 00:00:00,Late Delivery,117.18
RET00776,TX005327,2026-02-24 00:00:00,Not as Described,88.56
RET00777,TX005331,2026-05-16 00:00:00,Wrong Size,104.48
RET00778,TX005354,2025-07-30 00:00:00,Defective,329.44
RET00779,TX005364,2026-02-08 00:00:00,Not as Described,38.29
RET00780,TX005366,2026-04-29 00:00:00,Defective,77.71
RET00781,TX005375,2025-08-22 00:00:00,Not as Described,295.58
RET00782,TX005376,2025-09-20 00:00:00,Not as Described,392.49
RET00783,TX005377,2025-11-27 00:00:00,Wrong Size,189.61
RET00784,TX005389,2025-04-03 00:00:00,Changed Mind,26.56
RET00785,TX005390,2025-04-10 00:00:00,Wrong Size,130.91
RET00786,TX005416,2026-05-29 00:00:00,Wrong Size,103.09
RET00787,TX005453,2025-11-11 00:00:00,Defective,31.25
RET00788,TX005454,2025-12-18 00:00:00,Defective,191.54
RET00789,TX005461,2026-04-06 00:00:00,Changed Mind,39.44
RET00790,TX005462,2026-04-14 00:00:00,Late Delivery,102.12
RET00791,TX005465,2024-04-27 00:00:00,Changed Mind,70.42
RET00792,TX005479,2025-12-28 00:00:00,Changed Mind,118.87
RET00793,TX005481,2026-06-17 00:00:00,Defective,192.7
RET00794,TX005482,2025-10-31 00:00:00,Defective,56.1
RET00795,TX005487,2026-06-09 00:00:00,Defective,60.0
RET00796,TX005488,2025-01-29 00:00:00,Not as Described,28.96
RET00797,TX005492,2026-03-19 00:00:00,Wrong Size,100.14
RET00798,TX005499,2026-03-08 00:00:00,Changed Mind,81.39
RET00799,TX005500,2026-04-19 00:00:00,Changed Mind,49.85
RET00800,TX005501,2026-04-07 00:00:00,Late Delivery,280.64
RET00801,TX005505,2026-02-11 00:00:00,Not as Described,72.9
RET00802,TX005508,2025-10-16 00:00:00,Defective,203.07
RET00803,TX005522,2025-09-02 00:00:00,Late Delivery,76.64
RET00804,TX005527,2024-08-31 00:00:00,Late Delivery,380.08
RET00805,TX005532,2025-07-10 00:00:00,Changed Mind,68.65
RET00806,TX005537,2025-10-23 00:00:00,Late Delivery,126.21
RET00807,TX005541,2025-05-17 00:00:00,Changed Mind,77.51
RET00808,TX005543,2025-06-27 00:00:00,Late Delivery,69.61
RET00809,TX005545,2025-09-04 00:00:00,Wrong Size,93.56
RET00810,TX005553,2025-12-17 00:00:00,Not as Described,88.68
RET00811,TX005568,2025-09-24 00:00:00,Wrong Size,121.47
RET00812,TX005576,2026-03-22 00:00:00,Wrong Size,33.7
RET00813,TX005582,2026-01-11 00:00:00,Defective,255.66
RET00814,TX005584,2024-12-12 00:00:00,Not as Described,144.44
RET00815,TX005591,2026-01-01 00:00:00,Not as Described,70.79
RET00816,TX005597,2025-11-05 00:00:00,Changed Mind,184.04
RET00817,TX005601,2026-04-22 00:00:00,Defective,67.43
RET00818,TX005602,2026-06-10 00:00:00,Late Delivery,748.71
RET00819,TX005604,2025-03-14 00:00:00,Not as Described,112.01
RET00820,TX005611,2025-04-09 00:00:00,Late Delivery,267.87
RET00821,TX005617,2025-06-20 00:00:00,Late Delivery,145.22
RET00822,TX005620,2025-11-17 00:00:00,Late Delivery,94.85
RET00823,TX005624,2025-10-12 00:00:00,Late Delivery,99.2
RET00824,TX005643,2025-10-24 00:00:00,Not as Described,120.87
RET00825,TX005649,2026-06-29 00:00:00,Changed Mind,37.33
RET00826,TX005651,2025-05-07 00:00:00,Changed Mind,179.7
RET00827,TX005657,2025-12-22 00:00:00,Wrong Size,239.92
RET00828,TX005658,2025-10-10 00:00:00,Late Delivery,54.13
RET00829,TX005661,2026-04-10 00:00:00,Wrong Size,150.28
RET00830,TX005670,2024-11-01 00:00:00,Defective,70.36
RET00831,TX005674,2025-10-24 00:00:00,Changed Mind,23.46
RET00832,TX005675,2025-10-30 00:00:00,Late Delivery,557.34
RET00833,TX005678,2026-05-17 00:00:00,Wrong Size,82.38
RET00834,TX005680,2026-06-15 00:00:00,Defective,46.28
RET00835,TX005684,2026-03-30 00:00:00,Wrong Size,54.6
RET00836,TX005696,2026-04-29 00:00:00,Not as Described,173.59
RET00837,TX005708,2024-08-16 00:00:00,Wrong Size,191.34
RET00838,TX005712,2025-02-01 00:00:00,Not as Described,92.76
RET00839,TX005713,2025-06-12 00:00:00,Late Delivery,114.56
RET00840,TX005715,2026-06-20 00:00:00,Defective,86.53
RET00841,TX005716,2025-10-07 00:00:00,Changed Mind,119.44
RET00842,TX005718,2024-12-12 00:00:00,Late Delivery,75.25
RET00843,TX005721,2025-01-07 00:00:00,Not as Described,67.48
RET00844,TX005722,2025-01-31 00:00:00,Late Delivery,68.07
RET00845,TX005728,2025-11-05 00:00:00,Wrong Size,255.51
RET00846,TX005730,2026-01-05 00:00:00,Not as Described,137.4
RET00847,TX005737,2024-11-21 00:00:00,Defective,197.28
RET00848,TX005738,2024-12-18 00:00:00,Defective,61.03
RET00849,TX005739,2025-01-14 00:00:00,Late Delivery,41.48
RET00850,TX005745,2025-01-16 00:00:00,Wrong Size,206.99
RET00851,TX005746,2025-05-18 00:00:00,Not as Described,87.23
RET00852,TX005750,2026-05-23 00:00:00,Late Delivery,58.64
RET00853,TX005751,2026-06-15 00:00:00,Defective,68.48
RET00854,TX005753,2025-04-12 00:00:00,Changed Mind,139.57
RET00855,TX005758,2025-07-22 00:00:00,Changed Mind,40.63
RET00856,TX005766,2025-05-19 00:00:00,Late Delivery,38.5
RET00857,TX005767,2025-07-15 00:00:00,Late Delivery,54.97
RET00858,TX005771,2025-05-29 00:00:00,Late Delivery,316.41
RET00859,TX005773,2025-06-27 00:00:00,Wrong Size,66.27
RET00860,TX005776,2025-11-26 00:00:00,Defective,85.39
RET00861,TX005785,2026-04-05 00:00:00,Defective,246.12
RET00862,TX005792,2024-09-23 00:00:00,Wrong Size,77.56
RET00863,TX005793,2025-06-28 00:00:00,Defective,191.2
RET00864,TX005795,2025-08-02 00:00:00,Not as Described,122.2
RET00865,TX005806,2026-05-17 00:00:00,Defective,73.21
RET00866,TX005814,2026-05-01 00:00:00,Not as Described,413.18
RET00867,TX005817,2026-04-23 00:00:00,Late Delivery,342.03
RET00868,TX005822,2026-01-15 00:00:00,Late Delivery,90.64
RET00869,TX005828,2025-12-27 00:00:00,Wrong Size,21.44
RET00870,TX005831,2026-01-07 00:00:00,Defective,53.25
RET00871,TX005838,2024-10-14 00:00:00,Not as Described,65.29
RET00872,TX005843,2026-02-22 00:00:00,Late Delivery,112.44
RET00873,TX005846,2026-05-26 00:00:00,Not as Described,80.5
RET00874,TX005857,2024-11-10 00:00:00,Defective,35.37
RET00875,TX005858,2026-02-20 00:00:00,Not as Described,877.12
RET00876,TX005862,2025-11-16 00:00:00,Defective,72.56
RET00877,TX005874,2025-10-21 00:00:00,Defective,218.02
RET00878,TX005876,2025-12-20 00:00:00,Late Delivery,58.49
RET00879,TX005882,2025-06-20 00:00:00,Late Delivery,134.89
RET00880,TX005885,2025-12-30 00:00:00,Late Delivery,93.81
RET00881,TX005914,2025-10-17 00:00:00,Wrong Size,181.14
RET00882,TX005917,2025-09-29 00:00:00,Wrong Size,111.93
RET00883,TX005926,2026-05-12 00:00:00,Wrong Size,52.84
RET00884,TX005930,2026-01-05 00:00:00,Wrong Size,63.28
RET00885,TX005933,2025-12-02 00:00:00,Late Delivery,121.42
RET00886,TX005934,2026-03-26 00:00:00,Not as Described,115.96
RET00887,TX005953,2025-12-04 00:00:00,Wrong Size,29.95
RET00888,TX005957,2024-03-17 00:00:00,Changed Mind,140.42
RET00889,TX005959,2024-05-30 00:00:00,Defective,98.5
RET00890,TX005960,2024-06-22 00:00:00,Wrong Size,220.75
RET00891,TX005968,2025-07-25 00:00:00,Not as Described,389.24
RET00892,TX005973,2025-02-06 00:00:00,Not as Described,221.07
RET00893,TX005982,2026-06-20 00:00:00,Late Delivery,82.7
RET00894,TX006032,2024-12-23 00:00:00,Not as Described,112.89
RET00895,TX006034,2026-02-12 00:00:00,Wrong Size,25.52
RET00896,TX006059,2026-03-29 00:00:00,Wrong Size,205.89
RET00897,TX006082,2026-01-03 00:00:00,Changed Mind,230.27
RET00898,TX006086,2025-11-27 00:00:00,Defective,58.68
RET00899,TX006090,2026-03-18 00:00:00,Not as Described,168.34
RET00900,TX006097,2026-06-03 00:00:00,Defective,50.16
RET00901,TX006105,2025-10-27 00:00:00,Late Delivery,94.79
RET00902,TX006107,2026-05-07 00:00:00,Late Delivery,104.96
RET00903,TX006109,2025-04-16 00:00:00,Not as Described,145.16
RET00904,TX006114,2026-06-15 00:00:00,Late Delivery,29.76
RET00905,TX006119,2024-11-19 00:00:00,Not as Described,117.8
RET00906,TX006123,2025-10-27 00:00:00,Defective,160.34
RET00907,TX006129,2025-02-26 00:00:00,Defective,387.06
RET00908,TX006131,2025-06-02 00:00:00,Not as Described,215.7
RET00909,TX006136,2026-05-22 00:00:00,Changed Mind,60.63
RET00910,TX006147,2025-11-16 00:00:00,Changed Mind,582.03
RET00911,TX006150,2026-06-19 00:00:00,Late Delivery,109.16
RET00912,TX006161,2025-03-23 00:00:00,Not as Described,72.99
RET00913,TX006165,2025-08-07 00:00:00,Changed Mind,241.56
RET00914,TX006176,2024-12-29 00:00:00,Defective,81.25
RET00915,TX006177,2025-04-12 00:00:00,Late Delivery,90.32
RET00916,TX006186,2026-02-27 00:00:00,Late Delivery,70.95
RET00917,TX006194,2025-11-27 00:00:00,Changed Mind,30.77
RET00918,TX006204,2026-05-22 00:00:00,Late Delivery,15.52
RET00919,TX006209,2024-12-28 00:00:00,Wrong Size,67.08
RET00920,TX006210,2025-02-19 00:00:00,Not as Described,63.25
RET00921,TX006211,2025-03-06 00:00:00,Not as Described,90.9
RET00922,TX006213,2025-03-14 00:00:00,Late Delivery,291.54
RET00923,TX006214,2025-04-17 00:00:00,Late Delivery,51.24
RET00924,TX006220,2025-08-27 00:00:00,Not as Described,154.62
RET00925,TX006223,2026-02-18 00:00:00,Changed Mind,299.2
RET00926,TX006224,2026-04-23 00:00:00,Not as Described,156.24
RET00927,TX006226,2026-06-04 00:00:00,Late Delivery,69.36
RET00928,TX006236,2026-06-09 00:00:00,Not as Described,91.85
RET00929,TX006239,2026-06-24 00:00:00,Late Delivery,89.52
RET00930,TX006241,2025-08-15 00:00:00,Defective,52.93
RET00931,TX006242,2025-09-07 00:00:00,Changed Mind,652.6
RET00932,TX006249,2026-05-29 00:00:00,Not as Described,239.36
RET00933,TX006263,2024-11-23 00:00:00,Defective,161.6
RET00934,TX006279,2025-08-04 00:00:00,Late Delivery,187.82
RET00935,TX006304,2025-12-18 00:00:00,Changed Mind,240.3
RET00936,TX006312,2026-06-04 00:00:00,Wrong Size,177.22
RET00937,TX006318,2026-03-12 00:00:00,Late Delivery,135.6
RET00938,TX006336,2025-10-25 00:00:00,Late Delivery,44.91
RET00939,TX006342,2025-12-16 00:00:00,Changed Mind,151.63
RET00940,TX006349,2026-04-01 00:00:00,Wrong Size,84.71
RET00941,TX006351,2026-03-19 00:00:00,Not as Described,181.41
RET00942,TX006357,2024-12-29 00:00:00,Changed Mind,24.98
RET00943,TX006359,2025-02-05 00:00:00,Not as Described,75.83
RET00944,TX006363,2025-06-02 00:00:00,Changed Mind,27.38
RET00945,TX006371,2026-03-09 00:00:00,Changed Mind,45.75
RET00946,TX006372,2026-03-28 00:00:00,Wrong Size,209.15
RET00947,TX006389,2024-08-05 00:00:00,Wrong Size,111.37
RET00948,TX006390,2024-10-28 00:00:00,Changed Mind,29.96
RET00949,TX006393,2025-08-06 00:00:00,Not as Described,39.28
RET00950,TX006397,2025-06-30 00:00:00,Not as Described,17.51
RET00951,TX006418,2026-05-28 00:00:00,Defective,44.6
RET00952,TX006421,2025-12-17 00:00:00,Late Delivery,103.55
RET00953,TX006426,2025-09-12 00:00:00,Wrong Size,48.09
RET00954,TX006429,2026-05-26 00:00:00,Changed Mind,63.09
RET00955,TX006443,2026-03-16 00:00:00,Changed Mind,387.36
RET00956,TX006444,2026-06-28 00:00:00,Late Delivery,87.9
RET00957,TX006445,2026-04-09 00:00:00,Defective,114.56
RET00958,TX006449,2025-07-16 00:00:00,Defective,37.34
RET00959,TX006450,2025-11-14 00:00:00,Not as Described,51.03
RET00960,TX006457,2025-12-30 00:00:00,Not as Described,166.46
RET00961,TX006458,2026-02-25 00:00:00,Not as Described,119.21
RET00962,TX006468,2026-05-13 00:00:00,Defective,32.09
RET00963,TX006474,2025-12-04 00:00:00,Wrong Size,55.53
RET00964,TX006477,2025-10-02 00:00:00,Wrong Size,175.96
RET00965,TX006480,2024-05-26 00:00:00,Not as Described,338.7
RET00966,TX006483,2025-02-23 00:00:00,Wrong Size,36.18
RET00967,TX006485,2026-04-24 00:00:00,Not as Described,138.04
RET00968,TX006493,2025-01-01 00:00:00,Wrong Size,36.41
RET00969,TX006501,2025-06-02 00:00:00,Changed Mind,587.74
RET00970,TX006504,2026-04-19 00:00:00,Changed Mind,93.77
RET00971,TX006512,2025-02-28 00:00:00,Not as Described,98.71
RET00972,TX006515,2025-08-02 00:00:00,Changed Mind,51.11
RET00973,TX006531,2025-11-11 00:00:00,Defective,69.67
RET00974,TX006535,2026-05-21 00:00:00,Defective,113.58
RET00975,TX006539,2025-12-11 00:00:00,Late Delivery,176.4
RET00976,TX006540,2026-01-14 00:00:00,Late Delivery,31.59
RET00977,TX006549,2026-01-27 00:00:00,Defective,103.12
RET00978,TX006557,2026-02-06 00:00:00,Not as Described,200.04
RET00979,TX006562,2026-02-17 00:00:00,Defective,814.05
RET00980,TX006564,2026-03-15 00:00:00,Late Delivery,38.35
RET00981,TX006583,2024-04-18 00:00:00,Wrong Size,36.57
RET00982,TX006587,2025-03-30 00:00:00,Defective,48.18
RET00983,TX006588,2025-04-09 00:00:00,Late Delivery,191.05
RET00984,TX006607,2026-06-12 00:00:00,Defective,60.31
RET00985,TX006617,2024-05-19 00:00:00,Late Delivery,49.48
RET00986,TX006621,2025-12-06 00:00:00,Late Delivery,114.01
RET00987,TX006628,2024-11-17 00:00:00,Wrong Size,99.76
RET00988,TX006637,2026-03-04 00:00:00,Changed Mind,59.61
RET00989,TX006643,2026-06-06 00:00:00,Changed Mind,268.65
RET00990,TX006647,2025-07-24 00:00:00,Late Delivery,69.32
RET00991,TX006650,2025-06-15 00:00:00,Wrong Size,48.55
RET00992,TX006651,2025-06-28 00:00:00,Not as Described,341.52
RET00993,TX006652,2025-07-09 00:00:00,Wrong Size,82.86
RET00994,TX006653,2025-07-14 00:00:00,Not as Described,120.08
RET00995,TX006666,2025-11-14 00:00:00,Changed Mind,56.87
RET00996,TX006671,2026-01-10 00:00:00,Late Delivery,173.32
RET00997,TX006672,2026-02-06 00:00:00,Wrong Size,147.06
RET00998,TX006673,2026-02-21 00:00:00,Not as Described,27.23
RET00999,TX006677,2026-03-26 00:00:00,Changed Mind,32.16
RET01000,TX006681,2026-05-10 00:00:00,Changed Mind,97.17
RET01001,TX006695,2026-02-03 00:00:00,Not as Described,111.51
RET01002,TX006701,2026-05-12 00:00:00,Late Delivery,95.42
RET01003,TX006702,2026-05-26 00:00:00,Late Delivery,117.47
RET01004,TX006708,2025-08-06 00:00:00,Wrong Size,57.61
RET01005,TX006712,2025-08-24 00:00:00,Defective,325.8
RET01006,TX006715,2025-05-09 00:00:00,Wrong Size,143.06
RET01007,TX006726,2026-01-22 00:00:00,Changed Mind,83.13
RET01008,TX006740,2025-05-28 00:00:00,Changed Mind,311.22
RET01009,TX006745,2025-04-01 00:00:00,Changed Mind,41.1
RET01010,TX006752,2026-03-11 00:00:00,Not as Described,86.76
RET01011,TX006753,2026-04-03 00:00:00,Late Delivery,569.31
RET01012,TX006759,2025-08-03 00:00:00,Wrong Size,164.77
RET01013,TX006783,2024-09-13 00:00:00,Not as Described,360.44
RET01014,TX006785,2024-12-16 00:00:00,Late Delivery,89.81
RET01015,TX006786,2024-12-31 00:00:00,Not as Described,96.34
RET01016,TX006793,2026-03-08 00:00:00,Changed Mind,460.46
RET01017,TX006797,2026-04-24 00:00:00,Late Delivery,329.04
RET01018,TX006801,2025-05-30 00:00:00,Defective,182.14
